[{"id":"6283815956151@s.whatsapp.net","name":"Nurulツ","age":"17","time":"02/03 12:06:25","serial":"4bd3695c4f457c0efc7a"},{"id":"6289666262976@s.whatsapp.net","name":"Ojan","age":"18","time":"20/03 12:06:41","serial":"b12702416aadb83b4d2b"},{"id":"6281320269938@s.whatsapp.net","name":"Fajri","age":"15","time":"20/03 12:11:17","serial":"49b1190e72e714bbee80"},{"id":"6285850125211@s.whatsapp.net","name":"yuta","age":"14","time":"20/03 12:21:20","serial":"8ce84b6e38401e948f4e"},{"id":"62895326355938@s.whatsapp.net","name":"shadam","age":"26","time":"20/03 12:22:18","serial":"986d23d0ab243475019a"},{"id":"6285706666337@s.whatsapp.net","name":"Gus","age":"18","time":"20/06 06:28:00","serial":"d8338dff6cdff7fd0017"},{"id":"6285702776727@s.whatsapp.net","name":"bintan","age":"19","time":"23/06 11:35:48","serial":"6df8df3c15bb1ff70a81"},{"id":"6281952523888@s.whatsapp.net","name":"ganies","age":"18","time":"23/06 11:40:28","serial":"431b917e20cfdbd40c7f"},{"id":"6285258286388@s.whatsapp.net","name":"wita","age":" 13","time":"23/06 12:18:23","serial":"5001d5159777f7ed7046"},{"id":"6283816345229@s.whatsapp.net","name":"atul","age":"14","time":"23/06 12:40:56","serial":"d168616c64653b664842"},{"id":"6289671363076@s.whatsapp.net","name":"Fizz","age":"17","time":"23/06 12:46:45","serial":"9f04ed8102a0c5e4b811"},{"id":"6285330203277@s.whatsapp.net","name":"Nelson","age":"20","time":"23/06 12:56:44","serial":"0e0ffd9086a5a409675b"},{"id":"6285607191568@s.whatsapp.net","name":"legas. ader bf . cakra¹⁰","age":"17","time":"23/06 13:21:53","serial":"c39a2957ba43eecc04c8"},{"id":"6283146208804@s.whatsapp.net","name":"herman","age":"18","time":"24/11 11:52:59","serial":"71a2b780cb1a56d7e9d5"},{"id":"628817649108@s.whatsapp.net","name":"Kevin ","age":" 16","time":"24/11 12:20:17","serial":"13aa121bec339209481c"}]