[{"id":"6283815956151@s.whatsapp.net","xp":28552,"level":3},{"id":"6289666262976@s.whatsapp.net","xp":1,"level":1},{"id":"6281320269938@s.whatsapp.net","xp":1,"level":1},{"id":"6285850125211@s.whatsapp.net","xp":1,"level":1},{"id":"62895326355938@s.whatsapp.net","xp":1,"level":1},{"id":"6285702776727@s.whatsapp.net","xp":1,"level":1},{"id":"6281952523888@s.whatsapp.net","xp":1,"level":1},{"id":"6285258286388@s.whatsapp.net","xp":1,"level":1},{"id":"6283816345229@s.whatsapp.net","xp":1,"level":1},{"id":"6289671363076@s.whatsapp.net","xp":1,"level":1},{"id":"6285330203277@s.whatsapp.net","xp":1,"level":1},{"id":"6283146208804@s.whatsapp.net","xp":1,"level":1}]