[{"id":"6281227825649@s.whatsapp.net","limit":1000000000},{"id":"6289666262976@s.whatsapp.net","limit":13},{"id":"6281320269938@s.whatsapp.net","limit":2},{"id":"6285850125211@s.whatsapp.net","limit":14},{"id":"62895326355938@s.whatsapp.net","limit":4},{"id":"6285706666337@s.whatsapp.net","limit":3},{"id":"6285702776727@s.whatsapp.net","limit":0},{"id":"6281952523888@s.whatsapp.net","limit":0},{"id":"6285258286388@s.whatsapp.net","limit":1},{"id":"6283816345229@s.whatsapp.net","limit":2},{"id":"6289671363076@s.whatsapp.net","limit":0},{"id":"6285330203277@s.whatsapp.net","limit":1},{"id":"6283146208804@s.whatsapp.net","limit":2}]