[{"id":"6289666262976@s.whatsapp.net","uang":29715},{"id":"6285706666337@s.whatsapp.net","uang":11252},{"id":"6289666262976@s.whatsapp.net","uang":11193},{"id":"6285850125211@s.whatsapp.net","uang":7442},{"id":"62895326355938@s.whatsapp.net","uang":2439},{"id":"6283146208804@s.whatsapp.net","uang":3602},{"id":"6285607191568@s.whatsapp.net","uang":1233},{"id":"6285702776727@s.whatsapp.net","uang":1150},{"id":"6281320269938@s.whatsapp.net","uang":949},{"id":"6285258286388@s.whatsapp.net","uang":572},{"id":"628817649108@s.whatsapp.net","uang":565},{"id":"6283816345229@s.whatsapp.net","uang":374},{"id":"6289671363076@s.whatsapp.net","uang":283},{"id":"6285330203277@s.whatsapp.net","uang":279},{"id":"6281952523888@s.whatsapp.net","uang":186},{"id":"6289671363076@s.whatsapp.net","uang":183},{"id":"6281320269938@s.whatsapp.net","uang":97},{"id":"6285850125211@s.whatsapp.net","uang":90}]